project;family;child;HGMD DM;ClinVar pathogenic;CADD > 25;denovo;strict denovo;recessif;compound;freq < 1%;DéjàVu < 50 (sample);freq < 1 & DéjàVu < 50;HGMD DM & freq < 1 & DéjàVu < 50;ClinVar pathogenic & freq < 1 & DéjàVu < 50;CADD > 25 & freq < 1 & DéjàVu < 50;denovo & freq < 1 & DéjàVu < 50;strict denovo & freq < 1 & DéjàVu < 50;recessif & freq < 1 & DéjàVu < 50;compound & freq < 1 & DéjàVu < 50;(DM OR patho OR CADD > 25) AND (strict denovo OR recessif OR compound) AND freq < 1% AND DéjàVu < 50;Comment
NGS2024_7646;DON;DON_MAI_GPN1603925;29;9;535;29046;25417;11075;0;7661;1742;1735;4;3;58;1174;1043;4;0;35;Missing father
NGS2024_7596;HAB;6124GM002231;28;6;523;25765;21779;9973;0;8673;2430;2398;6;1;59;1299;1108;10;0;32;Missing mother
NGS2024_8457;DE_M_CHA;6124GM007923;22;6;536;30456;24826;12885;0;13373;2496;2475;4;1;56;1625;1401;43;0;32;Missing father
NGS2024_7858;ISS;6124GM004314;31;7;549;27854;24163;10668;0;12641;3495;3477;6;2;79;1199;998;32;0;36;Missing father
NGS2024_8312;GHA;6124GM006213;31;9;603;112814;0;43224;67243;10000;2039;2027;6;4;86;2027;0;148;1670;73;Missing both parents
NGS2024_8128;UGU;UGU_BER_6124GM005580;29;6;548;108205;0;43659;62387;7748;1783;1772;8;1;61;1772;0;247;1336;55;Missing both parents
NGS2024_7738;EJJ;EJJ_AIM_6124GM002881;33;7;561;130902;0;52601;76536;11784;2709;2693;8;2;71;2693;0;241;2280;71;Missing both parents
NGS2024_7810;DES;6123GM009358;19;5;501;3327;1094;5446;14323;6321;1353;1347;5;1;43;306;166;15;480;17;
NGS2024_8059;ROND;6124GM005024;20;1;488;109998;0;43660;63950;7988;1946;1933;4;0;59;1933;0;268;1440;51;Missing both parents
NGS2024_7542;SHI;6124CY000250;22;0;521;4149;1406;5094;13109;5877;1380;1369;0;0;41;417;235;19;422;20;
NGS2024_7917;ERR;6124GM004250;33;4;542;4643;1789;5163;16252;10221;1975;1966;1;0;57;656;485;2;601;37;
NGS2024_8229;SEH;6124CY012967;24;5;581;4622;1751;5346;16374;9464;2207;2195;4;1;82;709;527;40;662;48;
NGS2024_8172;DEL;6124CY010664;19;5;533;4418;1721;5239;13984;7624;1957;1951;7;3;66;670;472;20;534;44;
NGS2024_8128;BIT;BIT_KHA_6124GM005801;24;4;557;117141;0;42883;71901;10914;2544;2533;3;1;88;2533;0;198;2111;83;Missing both parents
NGS2024_8566;EIL;EIL_CI_6124GM008042;22;6;562;3695;1384;5318;14651;7861;1390;1387;3;3;57;459;321;16;425;29;
NGS2024_8097;CHA;6124GM005868;26;5;562;5627;2162;4831;18118;10129;2426;2407;5;2;71;713;452;30;812;40;
NGS2024_7738;MAL;MAL_LYA_6124GM003515;30;8;646;52304;45932;12533;0;16018;4053;4032;9;3;81;3296;3008;12;0;61;Missing father
NGS2024_8513;BON;6124GM008309;23;6;598;7303;2672;5017;15400;10091;2515;2496;6;1;77;1047;772;21;672;56;
NGS2024_7994;PIN;PIN_FET_6124CY009000;29;7;520;3518;1333;5357;17517;8760;1987;1951;3;1;74;555;392;0;653;45;
NGS2024_7810;ILH;6124GM003827;24;7;503;107332;0;44491;60558;6798;1888;1886;4;3;66;1886;0;150;1480;57;Missing both parents
NGS2024_7596;DEE;6124CY004237;23;4;513;5466;1843;4874;15322;10206;3096;3052;4;1;73;646;350;41;958;44;
NGS2024_8373;LIS;6124GM007494;17;4;570;5696;2473;5730;15756;12946;2588;2567;4;0;73;1168;933;25;615;46;
NGS2024_8312;AND;6124CY007913;20;3;532;3552;1408;6563;13163;8470;2560;2545;5;1;85;561;411;85;830;50;
NGS2024_8128;COU;COU_GIL_GPN0801734;27;6;569;110267;0;44046;63968;7651;1810;1798;7;3;63;1798;0;256;1337;61;Missing both parents
NGS2024_8059;IDCZ;6124GM005098;23;2;526;109877;0;43935;63528;7739;1917;1900;6;0;62;1900;0;243;1415;54;Missing both parents
NGS2024_7696;BAR;6123CY003429;30;7;597;4927;1531;5688;27397;18070;5144;5126;8;3;105;712;330;15;2594;71;
NGS2024_8566;TOU;TOU_YAS_6124GM005534;17;6;557;114938;0;46114;66653;11172;2381;2366;4;1;64;2366;0;157;1966;60;Missing both parents
NGS2024_8457;FER;6124CY015527;22;9;549;4950;2110;5964;16488;13740;2976;2950;7;4;78;1008;766;34;903;40;
NGS2024_7810;DUV;6124CY005940;35;8;529;24407;20811;11149;0;5800;1297;1287;10;3;55;813;692;1;0;31;Missing mother
NGS2024_7646;BEN;BEN_FET_6124GM002810;38;3;560;3926;1328;4243;23109;10617;2533;2518;6;1;62;395;193;1;1176;40;
NGS2024_8312;JEA;6124CY007836;14;4;560;38102;33893;10432;0;11876;2846;2818;2;1;80;2345;2204;2;0;62;Missing mother
NGS2024_8421;MEK;MEK_FET_6124CY014978;23;7;590;5528;2296;6138;23330;17536;4084;4059;4;2;103;1153;835;10;1541;73;
NGS2024_7858;POG;6124CY006279;42;4;569;4632;1705;4221;21472;13341;4240;4203;16;2;118;713;450;1;1884;87;
NGS2024_8059;CISS;6124GM005567;110;9;11839;138279;133646;14704;0;125874;111942;111906;87;5;11369;109319;108107;251;0;11301;Missing father
NGS2024_8128;ROM;ROM_CLE_6124GM005705;24;4;545;111332;0;44276;64948;8156;1927;1913;2;0;72;1913;0;292;1449;57;Missing both parents
NGS2024_7542;OSO;6124GM002902;23;1;520;6024;2002;1447;3443;7425;2256;2171;1;0;69;521;239;15;157;9;
NGS2024_7542;OSO;6121GM008792;18;1;500;4627;1575;1447;3443;6632;2123;2043;1;0;65;495;255;15;157;9;
NGS2024_7696;FID;6124GM003241;20;3;487;22253;18026;10670;0;6404;1824;1821;3;0;61;984;802;103;0;31;Missing father
NGS2024_8172;MIC;6124GM006089;24;7;522;4943;1850;4965;13745;7589;1893;1878;7;3;60;664;464;31;506;39;
NGS2024_8229;TAL;6124GM006594;28;4;633;124894;124894;37711;89205;14721;3915;3888;8;0;100;3888;3888;121;3457;106;Missing both parents
NGS2024_8229;TAL;6124GM006596;26;4;644;124420;124420;37711;89205;14661;3890;3861;6;0;112;3861;3861;121;3426;117;Missing both parents
NGS2024_7858;LOU;6124GM003600;25;5;603;34108;29579;6297;0;16897;4366;4342;4;1;111;2374;2140;84;0;59;Missing father
NGS2024_7738;HIL;HIL_FET_6124GM003412;26;7;568;6008;2094;6128;17993;9116;2119;2110;5;2;49;769;445;20;635;31;
NGS2024_7994;MAR;MAR_FET_6124CY009498;20;5;514;3626;1437;5552;15709;8412;2023;2011;3;1;77;542;392;17;731;48;
NGS2024_8097;RUB;6124CY008244;21;3;506;4459;1680;5079;14864;7671;1781;1769;3;0;51;656;438;9;434;35;
NGS2024_8059;LELO;6124GM005478;29;4;597;40040;36010;10660;0;12687;3445;3415;7;0;89;2715;2487;40;0;60;Missing father
NGS2024_7596;YAZ;6124GM002521;29;5;571;5065;1864;4371;14032;9959;3314;3268;8;1;89;758;462;36;1039;51;
NGS2024_8172;FAL;6124GM006235;35;8;631;34558;29905;13013;0;17425;4712;4680;8;3;131;2917;2581;105;0;81;Missing father
NGS2024_7696;HAM;6124GM002236;26;5;616;34352;29447;13027;0;16093;5004;4984;7;1;119;2889;2610;101;0;60;Missing father
NGS2024_7917;FAL;6124CY007966;23;2;607;4684;1804;5415;24770;16944;4208;4180;6;0;97;887;566;24;1844;73;
NGS2024_8513;OLI;6124CY016324;24;6;576;6223;2552;5578;15815;10286;2477;2463;6;1;73;1026;748;25;649;45;
NGS2024_8421;CUL;CUL_LIZ_6124GM007075;15;5;561;129108;0;52842;73945;15142;3743;3721;7;3;88;3721;0;187;3223;88;Missing both parents
NGS2024_7810;FAB;6124GM003226;25;5;518;3427;1131;5201;13786;6178;1271;1266;3;1;50;265;130;1;479;31;
NGS2024_8457;BER_SEL;6124GM008045;18;5;565;5173;2289;5445;15991;12958;2581;2563;2;1;83;1007;766;6;627;48;
NGS2024_8373;ZER;6124CY008395;30;3;610;5254;2244;5809;16570;14022;2976;2956;5;0;90;1110;875;29;822;57;
NGS2024_8566;FER;FER_FET_6124CY012008;17;3;547;3995;1509;5367;17510;9254;2057;2022;1;0;65;530;364;23;746;36;
NGS2024_7646;PAU;PAU_ALM_6123GM008263;21;4;515;3431;1172;5207;14370;6189;1249;1241;3;2;52;269;147;0;436;31;
NGS2024_7738;WOR;WOR_MAT_6124GM002546;29;9;591;123480;0;49696;71447;8656;1935;1926;4;1;50;1926;0;161;1617;47;Missing both parents
NGS2024_8312;ZAM;6124GM006979;28;6;554;3790;1500;5725;15722;8046;2029;1971;2;2;64;581;422;31;609;34;
NGS2024_7810;LER;6123GM008393;21;5;511;107396;107396;9087;11668;6184;1236;1233;2;2;53;1233;1233;105;416;54;Missing both parents
NGS2024_8059;LEFE;6124GM005492;25;0;576;115142;0;41416;71253;9314;2447;2410;3;0;79;2410;0;183;1986;74;Missing both parents
NGS2024_7542;BOU;6123GM008973;29;3;494;4579;1560;5133;14643;7763;1812;1806;2;0;53;488;275;18;580;31;
NGS2024_8229;PER;6124GM006157;26;5;566;5566;2019;4953;12876;7732;1979;1971;8;3;92;795;564;38;494;62;
NGS2024_8566;AMB;AMB_FET_6124CY016187;22;4;530;24723;21265;11469;0;7910;1426;1419;5;2;54;914;818;7;0;32;Missing mother
NGS2024_7858;OLI;6124CY007968;24;6;533;3862;1450;5577;13672;7390;1408;1402;3;1;49;493;340;20;405;24;
NGS2024_7696;HER;6124GM003203;32;5;505;4316;1494;4887;13422;5895;1341;1335;11;1;45;385;223;0;405;25;
NGS2024_8128;MAS;MAS_ABD_6124GM005588;28;3;610;4819;1904;5458;21757;12816;3051;3027;5;0;91;733;490;35;1164;56;
NGS2024_8097;CAZ;6124GM005891;24;4;504;4454;1738;5141;15825;8837;1961;1950;3;1;57;683;464;20;530;43;
NGS2024_8172;POP;6124CY010801;30;3;515;4523;1766;4394;13324;7455;1922;1908;7;1;62;661;477;4;505;45;
NGS2024_7994;PEL;PEL_FET_6124GM005104;16;3;532;3843;1424;5673;15324;7915;1578;1572;3;0;50;539;357;24;483;33;
NGS2024_7542;GAU;6124GM002105;24;3;488;101045;0;42377;56407;5610;1381;1371;5;0;46;1371;0;199;979;39;Missing both parents
NGS2024_7917;MEY;6124GM004757;22;5;549;3886;1570;5589;14130;7507;1542;1536;7;4;69;618;460;13;445;49;
NGS2024_7596;TRA;6124GM002425;31;8;613;126753;126753;32967;114966;19580;5420;5379;3;1;93;5379;5379;114;4732;96;Missing both parents
NGS2024_7596;TRA;6124GM002424;43;8;639;125720;125720;32967;114966;19622;5532;5476;7;2;114;5476;5476;114;4833;119;Missing both parents
NGS2024_7810;EDE;6124GM003874;26;3;473;3225;1079;4668;13972;6566;1641;1635;5;1;57;333;193;1;595;32;
NGS2024_7696;MOY;6124GM002903;33;7;497;104556;0;42014;60423;5756;1295;1292;11;4;46;1292;0;154;945;51;Missing both parents
NGS2024_8513;ZEK;6124GM008544;36;10;658;6040;2537;5901;19272;13127;3075;3040;7;4;87;1099;822;51;885;62;
NGS2024_8457;LAS;6124CY013415;29;5;562;6465;2545;5675;19326;14574;2891;2871;6;1;84;991;728;27;947;56;
NGS2024_8421;CAR;CAR_FET_6124CY014697;28;6;586;6015;2343;5912;19277;15118;2768;2753;7;2;66;1040;741;9;763;43;
NGS2024_7994;MAN;MAN_VAL_6124GM004865;24;6;528;111149;0;43836;65122;7765;1607;1600;3;3;60;1600;0;131;1249;51;Missing both parents
NGS2024_8312;PAS;6124GM007195;23;2;530;4098;1592;4772;13860;7557;1664;1654;5;0;59;607;442;0;465;41;
NGS2024_8229;MAR;6124GM006600;30;7;514;4814;1839;5159;13799;7548;2150;2076;8;4;63;717;510;35;584;41;
NGS2024_8059;LEES;6124GM005500;20;3;551;4200;1622;4719;15239;7832;1916;1900;2;0;66;596;398;11;529;36;
NGS2024_7646;MAL;MAL_FET_6124GM002824;31;7;530;3852;1279;5268;15090;6312;1263;1262;8;5;53;308;168;19;414;32;
NGS2024_7858;POR;6124CY007744;22;4;516;4030;1459;5028;14344;7311;1444;1441;4;2;59;487;345;19;424;40;
NGS2024_8421;YEL;YEL_EMI_6124GM007157;20;3;573;30271;25534;13071;0;14777;2896;2873;6;1;73;1812;1612;15;0;56;Missing father
NGS2024_8097;DAS;6124CY010348;22;6;514;4335;1679;5113;14461;7549;1870;1859;5;2;56;672;458;22;482;38;
NGS2024_8172;PAN;6123CY013857;26;3;549;4636;1770;4460;14916;8487;2044;2023;4;1;71;632;444;6;595;41;
NGS2024_7738;FIC;FIC_FET_6124CY002550;37;10;578;6895;2295;5981;17621;8607;2022;2008;7;4;66;776;460;26;579;38;
NGS2024_7542;MET;6124GM002145;26;1;539;5490;1924;4152;17110;8293;2711;2694;12;0;86;584;272;1;1012;54;
NGS2024_8128;JOL;JOL_NIN_6124GM005869;28;6;558;4348;1769;5120;15472;8543;2211;2198;6;1;64;703;507;10;649;47;
NGS2024_7917;ROS;6124GM004750;20;3;548;5162;2000;4533;13881;7557;1671;1664;2;0;67;598;445;33;469;43;
NGS2024_8373;TOU;6124GM007245;25;5;640;8477;3363;5903;29140;26959;6954;6890;8;1;126;1779;1193;44;2864;100;
NGS2024_7696;MEG;6124GM003145;22;3;528;4307;1407;4968;15738;8349;1623;1617;4;2;47;423;240;20;553;24;
NGS2024_8513;AGN;6124GM008481;22;5;618;7567;2832;1296;4342;11011;2653;2629;0;0;78;1023;726;0;196;32;
NGS2024_8513;AGN;6124CY015701;31;8;600;6924;2665;1296;4342;10774;2620;2595;6;1;69;1038;754;0;196;31;
NGS2024_8566;SAI;SAI_FET_6124GM008987;29;5;607;4476;1715;6128;29442;16894;4238;4222;6;2;115;705;456;56;2138;80;
NGS2024_8312;FRE;6124GM007198;21;5;570;3868;1555;3954;12717;8481;1974;1964;5;0;79;578;426;10;518;42;
NGS2024_7646;OLL;OLL_OLI_6124GM001344;25;6;526;3492;1150;4896;14038;5985;1161;1158;8;3;47;288;169;0;401;28;
NGS2024_8457;BOU_CAR;6124GM007890;28;4;560;6120;2417;6251;19322;14210;3111;3078;10;1;79;995;724;56;995;49;
NGS2024_8059;PERR;6124GM005546;19;3;554;3632;1434;5182;13693;7409;1894;1878;5;0;72;650;458;24;498;42;
NGS2024_8097;BIG;6124CY010379;25;5;545;4438;1737;5260;14652;8377;2168;2155;6;1;64;715;498;14;579;37;
NGS2024_7646;DAY;DAY_FET_6124GM002873;31;4;536;24777;21431;11096;0;6221;1391;1382;4;2;54;861;742;26;0;27;Missing father
NGS2024_8128;ZAR;ZAR_FOETUS_6123GM003011;25;3;547;3708;1463;4592;14670;9242;2647;2634;6;0;89;640;438;6;801;49;
NGS2024_7738;QUI;QUI_FET_6124GM003425;21;7;549;6673;2200;6026;19040;9154;2067;2051;4;1;60;711;417;30;664;35;
NGS2024_7994;ADO;ADO_FET_6124GM005163;27;4;646;4754;1845;6313;30775;20829;6003;5964;5;2;136;923;544;85;3067;92;
NGS2024_8097;REN;6124GM005742;21;4;495;110018;0;42821;65040;8646;2887;2871;5;1;67;2871;0;287;2293;62;Missing both parents
NGS2024_8128;FAV;FAV_JUS_6124GM005402;22;4;522;111940;0;44817;64674;8255;2073;2060;5;0;50;2060;0;290;1532;46;Missing both parents
NGS2024_8373;CHB;6124CY013867;31;7;596;6138;2655;5857;21814;16930;3552;3520;6;3;87;1340;1038;5;1137;71;
NGS2024_7994;CLA;CLA_OPH_6124GM004718;24;5;537;25326;21774;10604;0;7769;1568;1560;0;2;53;1044;938;9;0;32;Missing father
NGS2024_8421;FOF;FOF_FET_6124CY014729;35;7;611;6408;2462;7320;31315;26111;6337;6283;7;2;125;1380;890;70;2798;94;
NGS2024_8566;TAU;TAU_LAR_6124GM007003;27;5;553;3891;1527;4589;14941;7822;1542;1536;6;0;74;502;378;0;489;50;
NGS2024_8513;ESP;6124CY015242;23;5;570;5978;2479;4913;14937;9903;2444;2424;6;2;75;1032;760;23;602;52;
NGS2024_8059;HANA;6124GM005490;26;3;536;3884;1580;5439;13818;7398;1865;1846;6;0;69;631;447;26;452;39;
NGS2024_8128;SCH;SCH_ALB_6124GM005781;18;6;525;108968;0;43942;62574;7866;1866;1857;5;3;60;1857;0;187;1416;55;Missing both parents
NGS2024_8373;FOU;6124GM007316;21;7;570;121119;0;50702;68285;13241;2764;2746;11;4;74;2746;0;187;2335;73;Missing both parents
NGS2024_7738;AMI;AMI_ANA_6124GM003568;27;7;544;5644;2135;6329;23203;11877;2694;2679;4;1;44;839;510;28;982;26;
NGS2024_7509;EWA;EWA_FET_6124CY002757;24;8;504;3428;1185;5297;13947;6100;1331;1319;3;0;51;370;206;8;476;28;
NGS2024_8421;REG;REG_HAD_6124GM006674;28;4;562;6378;2459;5599;23196;17493;3349;3332;8;1;75;1058;766;9;1146;45;
NGS2024_7419;BOU;6124GM000641;26;10;573;4257;1570;5311;16169;7693;2165;2152;3;1;79;575;349;25;742;48;
NGS2024_7301;BOI;BOI_MIR_6122GM005839;36;8;621;40979;34403;14602;0;20709;6972;6925;7;1;119;3732;3325;97;0;61;Missing father
NGS2024_7454;KEI;6124CY000646;38;12;607;4853;1670;6264;27237;17214;4643;4608;7;2;114;711;317;104;2380;73;
NGS2024_7371;LAN;6124GM000155;28;18;597;6861;2364;4721;16249;8345;1970;1955;3;2;60;689;402;1;579;36;
NGS2024_8373;FLA;6124CY012948;32;5;654;6908;2977;6533;31490;22742;5850;5808;5;2;125;1581;1150;14;2588;92;
NGS2024_7509;BEN;BEN_LEO_6124GM001510;27;10;525;4459;1581;5567;22146;10556;3151;3134;7;1;80;478;241;44;1445;47;
NGS2024_7419;MEN;6124CY000959;18;12;498;4284;1536;4872;13113;6002;1715;1707;2;2;52;611;360;20;470;27;
NGS2024_7454;BRO;6124GM000100;21;14;526;105350;0;42475;60782;5709;1388;1385;6;3;45;1385;0;172;1040;39;Missing both parents
NGS2024_7301;DOR;DOR_FET_6123GM009298;31;14;580;5456;1852;6189;18772;8492;1912;1899;6;3;45;567;315;0;571;22;
NGS2024_7419;SCA;6124GM000878_JB;20;11;516;3977;1491;256;2639;5936;1817;1802;2;1;48;777;490;0;83;4;
NGS2024_7371;KOR;6124CY000001;33;18;567;5273;1959;5443;16072;8161;2545;2520;10;5;71;778;472;27;821;45;
NGS2024_7301;NOE;NOE_MAE_6123GM005750;39;9;697;41802;35137;15803;0;22068;6828;6766;8;1;132;3453;3017;94;0;58;Missing father
NGS2024_7509;GAS;GAS_FET_6123CY011330;34;10;531;3737;1321;5617;20850;9690;2047;2035;2;0;61;410;234;18;874;37;
NGS2024_7301;MOR;MOR_FET_6123GM008448;45;14;610;150037;0;50792;97282;17325;5186;5135;6;1;110;5135;0;272;4665;111;Missing both parents
NGS2024_7419;BOZ;6124CY001626;18;8;515;4050;1478;7270;9868;6518;2107;2095;4;1;65;656;390;122;431;36;
NGS2024_7454;BAC;6124GM000819;36;11;612;4945;1590;5922;25610;15337;4982;4965;8;2;104;684;310;66;2423;73;
NGS2024_7371;PON;6124CY000003;28;11;573;5145;1908;5731;16478;8297;1921;1895;3;0;46;644;374;19;573;26;
NGS2024_7509;REN;REN_FET_6124GM001738;23;10;478;3618;1242;4997;13911;6019;1360;1359;5;1;43;347;177;17;446;26;
NGS2024_7371;BLI;6124GM000528;28;15;534;123778;0;49176;72235;7919;1863;1855;3;0;42;1855;0;196;1497;37;Missing both parents
NGS2024_7419;ZIR;6124GM000514;31;9;513;4658;1701;5232;17285;8561;1958;1952;5;1;52;589;313;36;711;36;
NGS2024_7454;LIN;6121CY016759;29;10;498;3808;1295;4677;13779;6072;1664;1658;8;2;44;380;208;3;586;27;
NGS2024_7509;CLE;CLE_SER_GEF1300235;19;10;455;24822;21289;4725;0;6241;1449;1444;4;1;41;852;711;12;0;25;Missing father
NGS2024_7509;CLE;CLE_MAX_6124GM001505;23;11;454;23908;20538;4725;0;6155;1441;1435;4;2;39;868;728;12;0;24;Missing father
NGS2024_7301;PRO;PRO_FET_6123CY015357;31;13;541;5181;1834;5684;18736;8631;1910;1891;3;1;36;627;372;17;599;25;
NGS2024_7301;DEH;DEH_MAT_6122GM003739;37;14;551;31931;26457;13503;0;8984;1972;1956;4;2;50;1196;988;19;0;20;Missing mother
NGS2024_7454;MAR;6124CY002300;35;17;510;4570;1472;4959;12658;6422;2000;1995;10;3;70;472;216;68;602;41;
NGS2024_7371;ANN;6124GM000378;34;9;577;5825;2125;5424;19027;10414;2430;2413;1;2;48;698;398;4;810;34;
NGS2024_7371;GEG;6123GM009149;38;18;563;5001;1733;5155;15334;7466;1742;1725;4;1;59;586;362;3;460;29;
NGS2024_7454;HEN;6124CY002016;26;14;533;3893;1288;5059;15851;6808;1738;1707;4;4;51;444;242;26;589;33;
