project;family;child;HGMD DM;ClinVar pathogenic;CADD > 25;denovo;recessif;compound (family);freq < 1%;DéjàVu < 50 (sample);Union = DM OR patho OR CADD > 25 OR denovo OR recessif OR compound AND freq < 1% AND DéjàVu < 50 (sample);Intersection = DM AND patho AND CADD > 25 AND (denovo OR recessif OR compound) AND freq < 1% AND DéjàVu < 50 (sample)
NGS2024_7301;DEH;DEH_MAT_6122GM003739;37;14;551;31931;13503;0;8984;1972;1247;0
NGS2024_7301;BOI;BOI_MIR_6122GM005839;36;8;621;40979;14602;0;20709;6972;3892;0
NGS2024_7301;MOR;MOR_FET_6123GM008448;45;14;610;150037;50792;97282;17325;5186;5135;0
NGS2024_7301;DOR;DOR_FET_6123GM009298;31;14;580;5456;6189;18772;8492;1912;1168;0
NGS2024_7301;PRO;PRO_FET_6123CY015357;31;13;541;5181;5684;18736;8631;1910;1255;0
NGS2024_7301;NOE;NOE_MAE_6123GM005750;39;9;697;41802;15803;0;22068;6828;3622;0
NGS2024_7371;PON;6124CY000003;28;11;573;5145;5731;16478;8297;1921;1258;0
NGS2024_7371;ANN;6124GM000378;34;9;577;5825;5424;19027;10414;2430;1528;0
NGS2024_7371;BLI;6124GM000528;28;15;534;123778;49176;72235;7919;1863;1855;0
NGS2024_7371;LAN;6124GM000155;28;18;597;6861;4721;16249;8345;1970;1295;0
NGS2024_7371;GEG;6123GM009149;38;18;563;5001;5155;15334;7466;1742;1082;0
NGS2024_7371;KOR;6124CY000001;33;18;567;5273;5443;16072;8161;2545;1660;0
NGS2024_7419;BOZ;6124CY001626;18;8;515;4050;7270;9868;6518;2107;1241;0
NGS2024_7419;BOU;6124GM000641;26;10;573;4257;5311;16169;7693;2165;1376;0
NGS2024_7419;ZIR;6124GM000514;31;9;513;4658;5232;17285;8561;1958;1355;0
NGS2024_7419;MEN;6124CY000959;18;12;498;4284;4872;13113;6002;1715;1128;0
NGS2024_7419;SCA;6124GM000878_JB;20;11;516;3977;256;2639;5936;1817;905;0
NGS2024_7454;LIN;6121CY016759;29;10;498;3808;4677;13779;6072;1664;993;0
NGS2024_7454;BRO;6124GM000100;21;14;526;105350;42475;60782;5709;1388;1385;0
NGS2024_7454;HEN;6124CY002016;26;14;533;3893;5059;15851;6808;1738;1081;0
NGS2024_7454;BAC;6124GM000819;36;11;612;4945;5922;25610;15337;4982;3209;0
NGS2024_7454;KEI;6124CY000646;38;12;607;4853;6264;27237;17214;4643;3239;0
NGS2024_7454;MAR;6124CY002300;35;17;510;4570;4959;12658;6422;2000;1178;1
NGS2024_7509;GAS;GAS_FET_6123CY011330;34;10;531;3737;5617;20850;9690;2047;1327;0
NGS2024_7509;BEN;BEN_LEO_6124GM001510;27;10;525;4459;5567;22146;10556;3151;2003;0
NGS2024_7509;CLE;CLE_SER_GEF1300235;19;10;455;24822;4725;0;6241;1449;885;0
NGS2024_7509;CLE;CLE_MAX_6124GM001505;23;11;454;23908;4725;0;6155;1441;900;0
NGS2024_7509;EWA;EWA_FET_6124CY002757;24;8;504;3428;5297;13947;6100;1331;878;0
NGS2024_7509;REN;REN_FET_6124GM001738;23;10;478;3618;4997;13911;6019;1360;830;0
NGS2024_7542;SHI;6124CY000250;22;0;521;4149;5094;13109;5877;1380;878;0
NGS2024_7542;BOU;6123GM008973;29;3;494;4579;5133;14643;7763;1812;1110;0
NGS2024_7542;GAU;6124GM002105;24;3;488;101045;42377;56407;5610;1381;1371;0
NGS2024_7542;MET;6124GM002145;26;1;539;5490;4152;17110;8293;2711;1638;0
NGS2024_7542;OSO;6121GM008792;18;1;500;4627;1447;3443;6632;2123;723;0
NGS2024_7542;OSO;6124GM002902;23;1;520;6024;1447;3443;7425;2256;753;0
NGS2024_7596;YAZ;6124GM002521;29;5;571;5065;4371;14032;9959;3314;1874;0
NGS2024_7596;DEE;6124CY004237;23;4;513;5466;4874;15322;10206;3096;1678;0
NGS2024_7596;TRA;6124GM002424;43;8;639;125720;32967;114966;19622;5532;5476;0
NGS2024_7596;TRA;6124GM002425;31;8;613;126753;32967;114966;19580;5420;5379;0
NGS2024_7596;HAB;6124GM002231;28;6;523;25765;9973;0;8673;2430;1339;1
NGS2024_7646;BEN;BEN_FET_6124GM002810;38;3;560;3926;4243;23109;10617;2533;1600;0
NGS2024_7646;DON;DON_MAI_GPN1603925;29;9;535;29046;11075;0;7661;1742;1203;1
NGS2024_7646;DAY;DAY_FET_6124GM002873;31;4;536;24777;11096;0;6221;1391;918;0
NGS2024_7646;PAU;PAU_ALM_6123GM008263;21;4;515;3431;5207;14370;6189;1249;727;1
NGS2024_7646;OLL;OLL_OLI_6124GM001344;25;6;526;3492;4896;14038;5985;1161;715;0
NGS2024_7646;MAL;MAL_FET_6124GM002824;31;7;530;3852;5268;15090;6312;1263;769;0
NGS2024_7696;HAM;6124GM002236;26;5;616;34352;13027;0;16093;5004;3055;1
NGS2024_7696;FID;6124GM003241;20;3;487;22253;10670;0;6404;1824;1118;0
NGS2024_7696;MEG;6124GM003145;22;3;528;4307;4968;15738;8349;1623;1019;0
NGS2024_7696;MOY;6124GM002903;33;7;497;104556;42014;60423;5756;1295;1292;0
NGS2024_7696;HER;6124GM003203;32;5;505;4316;4887;13422;5895;1341;820;0
NGS2024_7696;BAR;6123CY003429;30;7;597;4927;5688;27397;18070;5144;3360;0
NGS2024_7738;WOR;WOR_MAT_6124GM002546;29;9;591;123480;49696;71447;8656;1935;1926;1
NGS2024_7738;QUI;QUI_FET_6124GM003425;21;7;549;6673;6026;19040;9154;2067;1428;0
NGS2024_7738;MAL;MAL_LYA_6124GM003515;30;8;646;52304;12533;0;16018;4053;3337;0
NGS2024_7738;AMI;AMI_ANA_6124GM003568;27;7;544;5644;6329;23203;11877;2694;1870;0
NGS2024_7738;EJJ;EJJ_AIM_6124GM002881;33;7;561;130902;52601;76536;11784;2709;2693;1
NGS2024_7738;FIC;FIC_FET_6124CY002550;37;10;578;6895;5981;17621;8607;2022;1408;0
NGS2024_7738;HIL;HIL_FET_6124GM003412;26;7;568;6008;6128;17993;9116;2119;1443;0
NGS2024_7810;LER;6123GM008393;21;5;511;107396;9087;11668;6184;1236;1233;1
NGS2024_7810;FAB;6124GM003226;25;5;518;3427;5201;13786;6178;1271;765;0
NGS2024_7810;DUV;6124CY005940;35;8;529;24407;11149;0;5800;1297;848;0
NGS2024_7810;ILH;6124GM003827;24;7;503;107332;44491;60558;6798;1888;1886;0
NGS2024_7810;EDE;6124GM003874;26;3;473;3225;4668;13972;6566;1641;959;0
NGS2024_7810;DES;6123GM009358;19;5;501;3327;5446;14323;6321;1353;831;0
NGS2024_7858;POG;6124CY006279;42;4;569;4632;4221;21472;13341;4240;2643;0
NGS2024_7858;POR;6124CY007744;22;4;516;4030;5028;14344;7311;1444;953;0
NGS2024_7858;ISS;6124GM004314;31;7;549;27854;10668;0;12641;3495;1278;0
NGS2024_7858;OLI;6124CY007968;24;6;533;3862;5577;13672;7390;1408;944;0
NGS2024_7858;LOU;6124GM003600;25;5;603;34108;6297;0;16897;4366;2513;0
NGS2024_7917;ERR;6124GM004250;33;4;542;4643;5163;16252;10221;1975;1279;0
NGS2024_7917;FAL;6124CY007966;23;2;607;4684;5415;24770;16944;4208;2782;0
NGS2024_7917;ROS;6124GM004750;20;3;548;5162;4533;13881;7557;1671;1126;0
NGS2024_7917;MEY;6124GM004757;22;5;549;3886;5589;14130;7507;1542;1098;0
NGS2024_7994;PIN;PIN_FET_6124CY009000;29;7;520;3518;5357;17517;8760;1987;1237;0
NGS2024_7994;MAN;MAN_VAL_6124GM004865;24;6;528;111149;43836;65122;7765;1607;1600;0
NGS2024_7994;MAR;MAR_FET_6124CY009498;20;5;514;3626;5552;15709;8412;2023;1323;0
NGS2024_7994;ADO;ADO_FET_6124GM005163;27;4;646;4754;6313;30775;20829;6003;4120;1
NGS2024_7994;PEL;PEL_FET_6124GM005104;16;3;532;3843;5673;15324;7915;1578;1065;0
NGS2024_7994;CLA;CLA_OPH_6124GM004718;24;5;537;25326;10604;0;7769;1568;1075;0
NGS2024_8059;PERR;6124GM005546;19;3;554;3632;5182;13693;7409;1894;1205;0
NGS2024_8059;ROND;6124GM005024;20;1;488;109998;43660;63950;7988;1946;1933;0
NGS2024_8059;LEFE;6124GM005492;25;0;576;115142;41416;71253;9314;2447;2410;0
NGS2024_8059;CISS;6124GM005567;110;9;11839;138279;14704;0;125874;111942;109632;0
NGS2024_8059;LEES;6124GM005500;20;3;551;4200;4719;15239;7832;1916;1167;0
NGS2024_8059;IDCZ;6124GM005098;23;2;526;109877;43935;63528;7739;1917;1900;0
NGS2024_8059;HANA;6124GM005490;26;3;536;3884;5439;13818;7398;1865;1143;0
NGS2024_8059;LELO;6124GM005478;29;4;597;40040;10660;0;12687;3445;2788;0
NGS2024_8097;CAZ;6124GM005891;24;4;504;4454;5141;15825;8837;1961;1248;0
NGS2024_8097;REN;6124GM005742;21;4;495;110018;42821;65040;8646;2887;2871;0
NGS2024_8097;CHA;6124GM005868;26;5;562;5627;4831;18118;10129;2426;1588;1
NGS2024_8097;BIG;6124CY010379;25;5;545;4438;5260;14652;8377;2168;1339;0
NGS2024_8097;DAS;6124CY010348;22;6;514;4335;5113;14461;7549;1870;1197;0
NGS2024_8097;RUB;6124CY008244;21;3;506;4459;5079;14864;7671;1781;1116;0
NGS2024_8128;MAS;MAS_ABD_6124GM005588;28;3;610;4819;5458;21757;12816;3051;1970;0
NGS2024_8128;UGU;UGU_BER_6124GM005580;29;6;548;108205;43659;62387;7748;1783;1772;1
NGS2024_8128;COU;COU_GIL_GPN0801734;27;6;569;110267;44046;63968;7651;1810;1798;0
NGS2024_8128;FAV;FAV_JUS_6124GM005402;22;4;522;111940;44817;64674;8255;2073;2060;0
NGS2024_8128;ROM;ROM_CLE_6124GM005705;24;4;545;111332;44276;64948;8156;1927;1913;0
NGS2024_8128;JOL;JOL_NIN_6124GM005869;28;6;558;4348;5120;15472;8543;2211;1381;0
NGS2024_8128;BIT;BIT_KHA_6124GM005801;24;4;557;117141;42883;71901;10914;2544;2533;0
NGS2024_8128;SCH;SCH_ALB_6124GM005781;18;6;525;108968;43942;62574;7866;1866;1857;1
NGS2024_8128;ZAR;ZAR_FOETUS_6123GM003011;25;3;547;3708;4592;14670;9242;2647;1492;0
NGS2024_8172;DEL;6124CY010664;19;5;533;4418;5239;13984;7624;1957;1250;0
NGS2024_8172;FAL;6124GM006235;35;8;631;34558;13013;0;17425;4712;3079;0
NGS2024_8172;POP;6124CY010801;30;3;515;4523;4394;13324;7455;1922;1191;1
NGS2024_8172;MIC;6124GM006089;24;7;522;4943;4965;13745;7589;1893;1227;0
NGS2024_8172;PAN;6123CY013857;26;3;549;4636;4460;14916;8487;2044;1265;0
NGS2024_8229;PER;6124GM006157;26;5;566;5566;4953;12876;7732;1979;1363;0
NGS2024_8229;TAL;6124GM006596;26;4;644;124420;37711;89205;14661;3890;3861;0
NGS2024_8229;TAL;6124GM006594;28;4;633;124894;37711;89205;14721;3915;3888;0
NGS2024_8229;MAR;6124GM006600;30;7;514;4814;5159;13799;7548;2150;1361;2
NGS2024_8229;SEH;6124CY012967;24;5;581;4622;5346;16374;9464;2207;1447;0
NGS2024_8312;GHA;6124GM006213;31;9;603;112814;43224;67243;10000;2039;2027;2
NGS2024_8312;AND;6124CY007913;20;3;532;3552;6563;13163;8470;2560;1516;0
NGS2024_8312;FRE;6124GM007198;21;5;570;3868;3954;12717;8481;1974;1147;0
NGS2024_8312;ZAM;6124GM006979;28;6;554;3790;5725;15722;8046;2029;1253;0
NGS2024_8312;JEA;6124CY007836;14;4;560;38102;10432;0;11876;2846;2367;0
NGS2024_8312;PAS;6124GM007195;23;2;530;4098;4772;13860;7557;1664;1092;0
NGS2024_8373;FLA;6124CY012948;32;5;654;6908;6533;31490;22742;5850;4221;0
NGS2024_8373;TOU;6124GM007245;25;5;640;8477;5903;29140;26959;6954;4721;0
NGS2024_8373;CHB;6124CY013867;31;7;596;6138;5857;21814;16930;3552;2504;0
NGS2024_8373;LIS;6124GM007494;17;4;570;5696;5730;15756;12946;2588;1839;0
NGS2024_8373;FOU;6124GM007316;21;7;570;121119;50702;68285;13241;2764;2746;1
NGS2024_8373;ZER;6124CY008395;30;3;610;5254;5809;16570;14022;2976;1999;0
NGS2024_8421;FOF;FOF_FET_6124CY014729;35;7;611;6408;7320;31315;26111;6337;4283;0
NGS2024_8421;CAR;CAR_FET_6124CY014697;28;6;586;6015;5912;19277;15118;2768;1840;0
NGS2024_8421;MEK;MEK_FET_6124CY014978;23;7;590;5528;6138;23330;17536;4084;2734;1
NGS2024_8421;CUL;CUL_LIZ_6124GM007075;15;5;561;129108;52842;73945;15142;3743;3721;1
NGS2024_8421;REG;REG_HAD_6124GM006674;28;4;562;6378;5599;23196;17493;3349;2244;0
NGS2024_8421;YEL;YEL_EMI_6124GM007157;20;3;573;30271;13071;0;14777;2896;1848;0
NGS2024_8457;FER;6124CY015527;22;9;549;4950;5964;16488;13740;2976;1986;0
NGS2024_8457;BOU_CAR;6124GM007890;28;4;560;6120;6251;19322;14210;3111;2078;0
NGS2024_8457;LAS;6124CY013415;29;5;562;6465;5675;19326;14574;2891;1998;0
NGS2024_8457;BER_SEL;6124GM008045;18;5;565;5173;5445;15991;12958;2581;1673;1
NGS2024_8457;DE_M_CHA;6124GM007923;22;6;536;30456;12885;0;13373;2496;1694;0
NGS2024_8513;ESP;6124CY015242;23;5;570;5978;4913;14937;9903;2444;1683;1
NGS2024_8513;ZEK;6124GM008544;36;10;658;6040;5901;19272;13127;3075;2066;0
NGS2024_8513;OLI;6124CY016324;24;6;576;6223;5578;15815;10286;2477;1733;0
NGS2024_8513;BON;6124GM008309;23;6;598;7303;5017;15400;10091;2515;1760;0
NGS2024_8513;AGN;6124GM008481;22;5;618;7567;1296;4342;11011;2653;1264;0
NGS2024_8513;AGN;6124CY015701;31;8;600;6924;1296;4342;10774;2620;1278;0
NGS2024_8566;EIL;EIL_CI_6124GM008042;22;6;562;3695;5318;14651;7861;1390;926;0
NGS2024_8566;AMB;AMB_FET_6124CY016187;22;4;530;24723;11469;0;7910;1426;948;0
NGS2024_8566;TOU;TOU_YAS_6124GM005534;17;6;557;114938;46114;66653;11172;2381;2366;0
NGS2024_8566;FER;FER_FET_6124CY012008;17;3;547;3995;5367;17510;9254;2057;1328;0
NGS2024_8566;SAI;SAI_FET_6124GM008987;29;5;607;4476;6128;29442;16894;4238;2938;0
NGS2024_8566;TAU;TAU_LAR_6124GM007003;27;5;553;3891;4589;14941;7822;1542;1018;0
NGS2025_08602;LEE;LEE_FOE_6124GM009257;40;5;594;3755;5131;12781;10694;4390;2421;0
NGS2025_08602;BAM;BAM_FOE_6124CY016791;38;4;620;32900;12267;0;18060;4607;2616;0
NGS2025_08602;GUE;GUE_FOE_6124GM009254;24;7;520;4033;5231;14992;8044;1570;1050;0
NGS2025_08602;HOY;HOY_MEL_6124GM008699;29;5;553;25178;11614;0;8225;1526;1035;0
NGS2025_08602;MOR;MOR_FOE_6124CY015473;18;9;531;4234;5436;15304;8503;1677;1152;0
NGS2025_08602;GOU;GOU_FOE_6124GM009229;19;8;538;4474;5714;14998;8636;1738;1128;0
